duration,waiting
4.0166667,80
2.15,71
4.0,57
4.0,80
4.0,75
2.0,77
4.3833333,60
4.2833333,86
2.0333333,77
4.8333333,56
1.8333333,81
5.45,50
1.6166667,89
4.8666667,54
4.3833333,90
1.7666667,73
4.6666667,60
2.0,83
4.7333333,65
4.2166667,82
1.9,84
4.9666667,54
2.0,85
4.0,58
2.0,79
4.0,57
2.8333333,88
4.5,68
4.0666667,76
3.7166667,78
3.5166667,74
4.4666667,85
2.2166667,75
4.8833333,65
2.6,76
4.15,58
2.2,91
4.7666667,50
1.8333333,87
4.6,48
2.2666667,93
4.1333333,54
2.0,86
4.0,53
2.0,78
4.0,52
1.8833333,83
4.2666667,60
2.0833333,87
4.4666667,49
2.5,80
4.0,60
1.7666667,92
4.3333333,43
2.1833333,89
4.4833333,60
3.8833333,84
3.3333333,69
3.7333333,74
4.0,71
1.95,108
5.2666667,50
2.0,77
4.0,57
2.0,80
4.0,61
2.0,82
4.0,48
3.5333333,81
2.1666667,73
4.5,62
2.0166667,79
4.15,54
4.2,80
4.3333333,73
1.9333333,81
4.65,62
3.8166667,81
4.0333333,71
4.1666667,79
4.6666667,81
1.8166667,74
4.0,59
3.0,81
4.0,66
2.0,87
4.45,53
2.05,80
4.25,50
1.9166667,87
4.6666667,51
1.7333333,82
4.3833333,58
1.7666667,81
4.6,49
1.8666667,92
4.45,50
1.6333333,88
5.0333333,62
1.8166667,93
5.1,56
1.6333333,89
4.2833333,51
2.0,79
4.0,58
2.0,82
4.5333333,52
2.0,88
4.0,52
2.9333333,78
4.7333333,69
3.9,75
1.95,77
4.1166667,53
1.8,80
4.6666667,55
1.8333333,87
4.7,53
2.1166667,85
4.7833333,61
1.8166667,93
4.1,54
4.65,76
4.0,80
2.0,81
4.0,59
4.0,86
4.2166667,78
4.1333333,71
3.9333333,77
3.75,76
4.4166667,94
2.4666667,75
4.1666667,50
3.8,83
4.3166667,82
3.8666667,72
4.6833333,77
1.7,75
4.9666667,65
4.2666667,79
4.5833333,72
4.0,78
4.0,77
4.0,79
4.0,75
1.9833333,78
4.6,64
0.8333333,80
4.9166667,49
1.7333333,88
4.5833333,54
1.7,85
4.75,51
1.8333333,96
4.5,50
1.8666667,80
4.45,78
4.45,81
4.0,72
4.8,75
4.0,78
4.0,87
2.0,69
4.0,55
1.9333333,83
4.5833333,49
2.0,82
3.7,57
2.8666667,84
4.8333333,57
3.45,84
4.3833333,73
1.8,78
4.4,57
2.4833333,79
4.5166667,57
2.1,90
4.35,62
4.3666667,87
1.7833333,78
4.9166667,52
1.8166667,98
4.0,48
4.0,78
4.0,79
3.8666667,65
1.85,84
4.7,50
2.0166667,83
4.4666667,60
1.8666667,80
4.1666667,50
1.9,88
4.25,50
3.25,84
4.2166667,74
1.8833333,76
4.9833333,65
1.85,89
4.0,49
1.9666667,88
4.7666667,51
4.0,78
2.0,85
4.0,65
4.0,75
2.3833333,77
4.4166667,69
4.2166667,92
4.3666667,68
2.0,87
4.45,61
1.75,81
4.5,55
1.6166667,93
4.7,53
2.5666667,84
3.7,70
4.2333333,73
1.9333333,93
4.35,50
4.0,87
4.0,77
4.0,74
4.2166667,72
4.0,82
4.1333333,74
1.8833333,80
4.4666667,49
1.95,91
4.2166667,53
1.7166667,86
4.45,49
4.25,79
3.9666667,89
4.3833333,87
1.9666667,76
4.45,59
4.2666667,80
1.9166667,89
4.4166667,45
3.0,93
4.0,72
2.0,71
4.0,54
3.2833333,79
1.8333333,74
4.6166667,65
1.8333333,78
4.6166667,57
4.6,87
4.25,72
1.9333333,84
4.9833333,47
1.9666667,84
4.3,57
4.2,87
4.5333333,68
4.4,86
4.6166667,75
2.0,73
4.0,53
4.0,82
3.9166667,93
2.0,77
4.5,54
1.8,96
4.0,48
2.75,89
4.7333333,63
3.9666667,84
1.95,76
4.9666667,62
1.85,83
4.8,50
4.0,85
4.0,78
4.0,78
4.0,81
4.0,78
4.0,76
4.0,74
2.0,81
4.0,66
1.9333333,84
4.3333333,48
1.6666667,93
4.7666667,47
1.95,87
4.6833333,51
1.9333333,78
4.4166667,54
2.1333333,87
4.0833333,52
2.0666667,85
4.0,58
4.0,88
2.0,79
