date_time,traffic_volume,temperature_c
2017-04-13 10:00:00,4576,8.260000000000048
2017-04-13 11:00:00,5033,8.75
2017-04-13 12:00:00,5138,9.0
2017-04-13 13:00:00,5296,9.189999999999998
2017-04-13 14:00:00,5400,10.260000000000048
2017-04-13 15:00:00,5914,10.25
2017-04-13 16:00:00,6750,10.879999999999995
2017-04-13 17:00:00,6478,11.25
2017-04-13 18:00:00,5082,11.270000000000039
2017-04-13 19:00:00,3632,11.439999999999998
2017-04-13 20:00:00,3187,11.0
2017-04-13 21:00:00,2929,10.870000000000005
2017-04-13 22:00:00,2488,10.129999999999995
2017-04-13 23:00:00,1270,9.700000000000045
2017-04-14 00:00:00,1460,9.629999999999995
2017-04-14 01:00:00,462,9.379999999999995
2017-04-14 02:00:00,304,9.010000000000048
2017-04-14 03:00:00,331,8.600000000000023
2017-04-14 04:00:00,834,8.54000000000002
2017-04-14 05:00:00,2425,8.5
2017-04-14 06:00:00,5055,8.54000000000002
2017-04-14 07:00:00,6026,8.600000000000023
2017-04-14 08:00:00,5150,8.930000000000007
2017-04-14 09:00:00,4809,10.260000000000048
2017-04-14 10:00:00,4763,10.730000000000018
2017-04-14 11:00:00,5201,12.360000000000014
2017-04-14 12:00:00,5598,13.439999999999998
2017-04-14 13:00:00,5471,15.330000000000041
2017-04-14 14:00:00,5705,15.689999999999998
2017-04-14 15:00:00,5789,17.340000000000032
2017-04-14 16:00:00,6017,17.060000000000002
2017-04-14 17:00:00,5557,17.0
2017-04-14 18:00:00,4990,16.660000000000025
2017-04-14 19:00:00,3773,15.870000000000005
2017-04-14 20:00:00,3101,14.310000000000002
2017-04-14 21:00:00,2872,14.0
2017-04-14 22:00:00,4752,13.730000000000018
2017-04-14 23:00:00,2049,13.730000000000018
2017-04-15 00:00:00,1209,13.730000000000018
2017-04-15 01:00:00,799,13.560000000000002
2017-04-15 02:00:00,542,13.54000000000002
2017-04-15 03:00:00,409,13.560000000000002
2017-04-15 04:00:00,367,13.730000000000018
2017-04-15 05:00:00,598,13.670000000000016
2017-04-15 06:00:00,1167,13.800000000000011
2017-04-15 07:00:00,1908,14.140000000000043
2017-04-15 08:00:00,2536,14.600000000000023
2017-04-15 09:00:00,3310,14.800000000000011
2017-04-15 10:00:00,3876,15.0
2017-04-15 11:00:00,4605,15.460000000000036
2017-04-15 12:00:00,4958,17.730000000000018
2017-04-15 13:00:00,4515,19.07000000000005
2017-04-15 14:00:00,4568,19.400000000000034
2017-04-15 15:00:00,4340,19.53000000000003
2017-04-15 16:00:00,4497,19.74000000000001
2017-04-15 17:00:00,4145,20.08000000000004
2017-04-15 18:00:00,4143,19.680000000000007
2017-04-15 19:00:00,3483,16.340000000000032
2017-04-15 20:00:00,2963,15.420000000000016
2017-04-15 21:00:00,2704,12.930000000000007
2017-04-15 22:00:00,3022,12.870000000000005
2017-04-15 23:00:00,3509,11.800000000000011
2017-04-16 00:00:00,1389,11.670000000000016
2017-04-16 01:00:00,845,11.140000000000043
2017-04-16 02:00:00,788,10.740000000000009
2017-04-16 03:00:00,447,10.0
2017-04-16 04:00:00,320,9.54000000000002
2017-04-16 05:00:00,459,8.879999999999995
2017-04-16 06:00:00,809,8.140000000000043
2017-04-16 07:00:00,1166,7.57000000000005
2017-04-16 08:00:00,1836,8.270000000000039
2017-04-16 09:00:00,3008,10.0
2017-04-16 10:00:00,3613,11.870000000000005
2017-04-16 11:00:00,3899,13.129999999999995
2017-04-16 12:00:00,4061,14.330000000000041
2017-04-16 13:00:00,4152,15.730000000000018
2017-04-16 14:00:00,4146,16.670000000000016
2017-04-16 15:00:00,3998,17.400000000000034
2017-04-16 16:00:00,4470,17.870000000000005
2017-04-16 17:00:00,4697,17.939999999999998
2017-04-16 18:00:00,4654,17.80000000000001
2017-04-16 19:00:00,4117,17.54000000000002
2017-04-16 20:00:00,3696,16.400000000000034
2017-04-16 21:00:00,2816,12.53000000000003
2017-04-16 22:00:00,1840,12.54000000000002
2017-04-16 23:00:00,1120,10.629999999999995
2017-04-17 00:00:00,604,10.75
2017-04-17 01:00:00,327,11.140000000000043
2017-04-17 02:00:00,280,10.670000000000016
2017-04-17 03:00:00,333,9.939999999999998
2017-04-17 04:00:00,779,9.140000000000043
2017-04-17 05:00:00,2625,7.610000000000014
2017-04-17 06:00:00,5558,6.9500000000000455
2017-04-17 07:00:00,6557,5.689999999999998
2017-04-17 08:00:00,6166,6.5400000000000205
2017-04-17 09:00:00,5262,7.600000000000023
2017-04-17 10:00:00,4529,8.5
2017-04-17 11:00:00,4709,8.930000000000007
2017-04-17 12:00:00,5017,10.470000000000027
2017-04-17 13:00:00,4804,11.140000000000043
2017-04-17 14:00:00,5314,12.129999999999995
2017-04-17 15:00:00,5934,12.340000000000032
2017-04-17 16:00:00,6733,13.400000000000034
2017-04-17 17:00:00,6280,13.400000000000034
2017-04-17 18:00:00,4899,13.340000000000032
2017-04-17 19:00:00,3360,12.800000000000011
2017-04-17 20:00:00,2951,12.340000000000032
2017-04-17 21:00:00,2399,10.0
2017-04-17 22:00:00,1530,8.860000000000014
2017-04-17 23:00:00,1072,8.720000000000027
2017-04-18 00:00:00,596,8.740000000000009
2017-04-18 01:00:00,362,8.54000000000002
2017-04-18 02:00:00,263,8.28000000000003
2017-04-18 03:00:00,315,8.939999999999998
2017-04-18 04:00:00,814,9.54000000000002
2017-04-18 05:00:00,2763,9.410000000000025
2017-04-18 06:00:00,5831,9.75
2017-04-18 07:00:00,6571,10.330000000000041
2017-04-18 08:00:00,5330,10.400000000000034
2017-04-18 09:00:00,5228,10.800000000000011
2017-04-18 10:00:00,4352,11.07000000000005
2017-04-18 11:00:00,4634,12.430000000000007
2017-04-18 12:00:00,5009,13.590000000000032
2017-04-18 13:00:00,4886,15.07000000000005
2017-04-18 14:00:00,5182,15.800000000000011
2017-04-18 15:00:00,5855,15.75
2017-04-18 16:00:00,6907,12.870000000000005
2017-04-18 17:00:00,6445,12.200000000000045
2017-04-18 18:00:00,4666,11.930000000000007
2017-04-18 19:00:00,3584,11.270000000000039
2017-04-18 20:00:00,3226,11.07000000000005
2017-04-18 21:00:00,2533,9.870000000000005
2017-04-18 22:00:00,1706,9.140000000000043
2017-04-18 23:00:00,1077,9.140000000000043
2017-04-19 00:00:00,667,8.54000000000002
2017-04-19 01:00:00,401,8.080000000000041
2017-04-19 02:00:00,274,8.07000000000005
2017-04-19 03:00:00,351,7.8700000000000045
2017-04-19 04:00:00,835,7.410000000000025
2017-04-19 05:00:00,2759,7.140000000000043
2017-04-19 06:00:00,5869,6.939999999999998
2017-04-19 07:00:00,6123,6.400000000000034
2017-04-19 08:00:00,5889,6.470000000000027
2017-04-19 09:00:00,5298,7.1299999999999955
2017-04-19 10:00:00,4599,7.270000000000039
2017-04-19 11:00:00,4906,8.07000000000005
2017-04-19 12:00:00,4958,9.560000000000002
2017-04-19 13:00:00,5013,10.350000000000023
2017-04-19 14:00:00,5362,10.140000000000043
2017-04-19 15:00:00,5875,9.730000000000018
2017-04-19 16:00:00,6544,8.689999999999998
2017-04-19 17:00:00,6192,7.860000000000014
2017-04-19 18:00:00,4536,7.810000000000002
2017-04-19 19:00:00,3189,7.470000000000027
2017-04-19 20:00:00,2826,7.53000000000003
2017-04-19 21:00:00,2356,7.270000000000039
2017-04-19 22:00:00,1693,7.140000000000043
2017-04-19 23:00:00,1083,7.0
2017-04-20 00:00:00,592,6.610000000000014
2017-04-20 01:00:00,361,6.5400000000000205
2017-04-20 02:00:00,257,6.400000000000034
2017-04-20 03:00:00,327,5.939999999999998
2017-04-20 04:00:00,840,5.670000000000016
2017-04-20 05:00:00,2700,5.2000000000000455
2017-04-20 06:00:00,5641,4.8700000000000045
2017-04-20 07:00:00,6470,4.53000000000003
2017-04-20 08:00:00,5858,4.670000000000016
2017-04-20 09:00:00,5226,5.0
2017-04-20 10:00:00,4667,5.270000000000039
2017-04-20 11:00:00,5023,5.930000000000007
2017-04-20 12:00:00,5099,6.400000000000034
2017-04-20 13:00:00,5104,6.800000000000011
2017-04-20 14:00:00,5496,7.0
2017-04-20 15:00:00,5949,7.470000000000027
2017-04-20 16:00:00,6925,8.200000000000045
2017-04-20 17:00:00,6457,8.560000000000002
2017-04-20 18:00:00,4832,8.82000000000005
2017-04-20 19:00:00,3755,8.53000000000003
2017-04-20 20:00:00,3290,8.270000000000039
2017-04-20 21:00:00,3062,6.25
2017-04-20 22:00:00,2125,5.730000000000018
2017-04-20 23:00:00,1350,5.189999999999998
2017-04-21 00:00:00,778,4.390000000000043
2017-04-21 01:00:00,444,3.5100000000000477
2017-04-21 02:00:00,331,2.9500000000000455
2017-04-21 03:00:00,382,1.9399999999999977
2017-04-21 04:00:00,808,1.3400000000000318
2017-04-21 05:00:00,2638,1.2700000000000387
2017-04-21 06:00:00,5570,1.080000000000041
2017-04-21 07:00:00,6703,1.4399999999999977
2017-04-21 08:00:00,6237,2.8100000000000023
2017-04-21 09:00:00,4993,6.600000000000023
2017-04-21 10:00:00,4729,9.050000000000011
2017-04-21 11:00:00,5240,11.129999999999995
2017-04-21 12:00:00,5329,12.930000000000007
2017-04-21 13:00:00,5127,14.560000000000002
2017-04-21 14:00:00,5424,14.75
2017-04-21 15:00:00,5993,16.120000000000005
2017-04-21 16:00:00,6493,16.25
2017-04-21 17:00:00,6058,16.360000000000014
2017-04-21 18:00:00,5049,16.430000000000007
2017-04-21 19:00:00,3959,16.200000000000045
2017-04-21 20:00:00,3507,15.53000000000003
2017-04-21 21:00:00,3549,11.310000000000002
2017-04-21 22:00:00,3058,10.379999999999995
2017-04-21 23:00:00,3193,8.760000000000048
2017-04-22 00:00:00,1638,6.810000000000002
2017-04-22 01:00:00,998,5.480000000000018
2017-04-22 02:00:00,698,4.680000000000007
2017-04-22 03:00:00,514,4.32000000000005
2017-04-22 04:00:00,500,3.32000000000005
2017-04-22 05:00:00,854,2.5400000000000205
2017-04-22 06:00:00,1581,2.140000000000043
2017-04-22 07:00:00,2588,1.8700000000000045
2017-04-22 08:00:00,3660,4.1299999999999955
2017-04-22 09:00:00,4121,9.300000000000011
2017-04-22 10:00:00,4354,13.300000000000011
2017-04-22 11:00:00,4979,16.75
2017-04-22 12:00:00,5891,16.79000000000002
2017-04-22 13:00:00,5422,17.730000000000018
2017-04-22 14:00:00,4904,18.430000000000007
2017-04-22 15:00:00,4732,19.310000000000002
2017-04-22 16:00:00,4436,19.810000000000002
2017-04-22 17:00:00,5024,20.060000000000002
2017-04-22 18:00:00,5581,20.129999999999995
2017-04-22 19:00:00,3813,18.75
2017-04-22 20:00:00,3389,18.140000000000043
2017-04-22 21:00:00,3209,14.260000000000048
2017-04-22 22:00:00,3055,11.870000000000005
2017-04-22 23:00:00,2163,10.879999999999995
2017-04-23 00:00:00,1378,10.390000000000043
2017-04-23 01:00:00,867,10.670000000000016
2017-04-23 02:00:00,684,10.129999999999995
2017-04-23 03:00:00,410,10.470000000000027
2017-04-23 04:00:00,353,10.07000000000005
2017-04-23 05:00:00,472,9.32000000000005
2017-04-23 06:00:00,809,8.54000000000002
2017-04-23 07:00:00,1283,7.5400000000000205
2017-04-23 08:00:00,2159,8.600000000000023
2017-04-23 09:00:00,3059,10.600000000000023
2017-04-23 10:00:00,3849,10.939999999999998
2017-04-23 11:00:00,4480,12.210000000000036
2017-04-23 12:00:00,4907,14.54000000000002
2017-04-23 13:00:00,4792,15.740000000000009
2017-04-23 14:00:00,4519,16.140000000000043
2017-04-23 15:00:00,4488,17.28000000000003
2017-04-23 16:00:00,4769,17.810000000000002
2017-04-23 17:00:00,4238,18.150000000000034
2017-04-23 18:00:00,3722,18.150000000000034
2017-04-23 19:00:00,3123,17.07000000000005
2017-04-23 20:00:00,2848,16.420000000000016
2017-04-23 21:00:00,2626,12.410000000000025
2017-04-23 22:00:00,1717,11.629999999999995
2017-04-23 23:00:00,1031,9.82000000000005
2017-04-24 00:00:00,580,8.960000000000036
2017-04-24 01:00:00,353,8.150000000000034
2017-04-24 02:00:00,263,8.090000000000032
2017-04-24 03:00:00,343,7.75
2017-04-24 04:00:00,836,7.610000000000014
2017-04-24 05:00:00,2738,7.080000000000041
2017-04-24 06:00:00,5772,7.140000000000043
2017-04-24 07:00:00,6830,8.870000000000005
2017-04-24 08:00:00,6369,10.590000000000032
2017-04-24 09:00:00,5111,13.660000000000025
2017-04-24 10:00:00,4457,15.930000000000007
2017-04-24 11:00:00,4548,17.200000000000045
2017-04-24 12:00:00,4660,18.27000000000004
2017-04-24 13:00:00,4548,19.400000000000034
2017-04-24 14:00:00,4934,20.600000000000023
2017-04-24 15:00:00,5456,21.129999999999995
2017-04-24 16:00:00,6554,20.74000000000001
2017-04-24 17:00:00,6046,20.07000000000005
2017-04-24 18:00:00,4501,19.54000000000002
2017-04-24 19:00:00,3243,18.27000000000004
2017-04-24 20:00:00,2773,18.07000000000005
2017-04-24 21:00:00,2357,18.07000000000005
2017-04-24 22:00:00,1559,17.939999999999998
2017-04-24 23:00:00,981,17.939999999999998
2017-04-25 00:00:00,551,17.27000000000004
2017-04-25 01:00:00,351,15.810000000000002
2017-04-25 02:00:00,251,14.430000000000007
2017-04-25 03:00:00,312,15.300000000000011
2017-04-25 04:00:00,836,15.010000000000048
2017-04-25 05:00:00,2793,14.810000000000002
2017-04-25 06:00:00,5617,14.080000000000041
2017-04-25 07:00:00,6781,12.54000000000002
2017-04-25 08:00:00,6318,12.140000000000043
2017-04-25 09:00:00,5217,12.689999999999998
2017-04-25 10:00:00,4654,13.430000000000007
2017-04-25 11:00:00,4712,15.129999999999995
2017-04-25 12:00:00,4982,14.870000000000005
2017-04-25 13:00:00,4782,16.0
2017-04-25 14:00:00,5107,15.670000000000016
2017-04-25 15:00:00,5648,15.390000000000043
2017-04-25 16:00:00,6376,13.740000000000009
2017-04-25 17:00:00,5971,12.710000000000036
2017-04-25 18:00:00,4537,12.560000000000002
2017-04-25 19:00:00,3193,12.120000000000005
2017-04-25 20:00:00,2731,11.800000000000011
2017-04-25 21:00:00,2164,11.470000000000027
2017-04-25 22:00:00,1688,10.939999999999998
2017-04-25 23:00:00,1034,10.470000000000027
2017-04-26 00:00:00,582,9.610000000000014
2017-04-26 01:00:00,349,8.939999999999998
2017-04-26 02:00:00,286,7.150000000000034
2017-04-26 03:00:00,344,6.150000000000034
2017-04-26 04:00:00,826,5.740000000000009
2017-04-26 05:00:00,2775,4.439999999999998
2017-04-26 06:00:00,5270,3.080000000000041
2017-04-26 07:00:00,5932,2.430000000000007
2017-04-26 08:00:00,5335,2.2200000000000273
2017-04-26 09:00:00,5583,2.07000000000005
2017-04-26 10:00:00,4454,2.07000000000005
2017-04-26 11:00:00,4824,2.730000000000018
2017-04-26 12:00:00,4973,2.8000000000000114
2017-04-26 13:00:00,4912,3.2700000000000387
2017-04-26 14:00:00,5207,3.340000000000032
2017-04-26 15:00:00,5878,3.6000000000000227
2017-04-26 16:00:00,6723,3.6899999999999977
2017-04-26 17:00:00,6252,4.140000000000043
2017-04-26 18:00:00,4631,3.8000000000000114
2017-04-26 19:00:00,3439,3.140000000000043
2017-04-26 20:00:00,2768,3.0
2017-04-26 21:00:00,2494,2.6000000000000227
2017-04-26 22:00:00,1948,2.340000000000032
2017-04-26 23:00:00,1062,2.0
2017-04-27 00:00:00,590,1.8000000000000114
2017-04-27 01:00:00,362,1.5400000000000205
2017-04-27 02:00:00,251,1.3400000000000318
2017-04-27 03:00:00,364,1.0
2017-04-27 04:00:00,848,1.1400000000000432
2017-04-27 05:00:00,2788,0.8000000000000114
2017-04-27 06:00:00,5610,0.5
2017-04-27 07:00:00,6302,0.3300000000000409
2017-04-27 08:00:00,5826,0.27000000000003865
2017-04-27 09:00:00,5750,-0.19999999999998863
2017-04-27 10:00:00,4625,-0.06999999999999318
2017-04-27 11:00:00,5054,0.27000000000003865
2017-04-27 12:00:00,5065,0.3100000000000023
2017-04-27 13:00:00,5248,0.8000000000000114
2017-04-27 14:00:00,5263,0.8700000000000045
2017-04-27 15:00:00,6015,0.9399999999999977
2017-04-27 16:00:00,6957,0.8799999999999955
2017-04-27 17:00:00,6557,0.9399999999999977
2017-04-27 18:00:00,4821,0.9399999999999977
2017-04-27 19:00:00,3799,0.8799999999999955
2017-04-27 20:00:00,3147,0.8100000000000023
2017-04-27 21:00:00,3115,0.8100000000000023
2017-04-27 22:00:00,2065,1.1299999999999955
2017-04-27 23:00:00,1671,1.1400000000000432
2017-04-28 00:00:00,796,1.2700000000000387
2017-04-28 01:00:00,498,1.2700000000000387
2017-04-28 02:00:00,428,1.2900000000000205
2017-04-28 03:00:00,477,1.4300000000000068
2017-04-28 04:00:00,865,1.7700000000000387
2017-04-28 05:00:00,2770,2.0
2017-04-28 06:00:00,5739,1.670000000000016
2017-04-28 07:00:00,6882,1.4300000000000068
2017-04-28 08:00:00,6092,2.2000000000000455
2017-04-28 09:00:00,5316,2.8000000000000114
2017-04-28 10:00:00,5005,3.930000000000007
2017-04-28 11:00:00,5268,4.660000000000025
2017-04-28 12:00:00,5602,5.8700000000000045
2017-04-28 13:00:00,5345,6.53000000000003
2017-04-28 14:00:00,5727,7.600000000000023
2017-04-28 15:00:00,6137,8.5
2017-04-28 16:00:00,6495,8.800000000000011
2017-04-28 17:00:00,6152,9.670000000000016
2017-04-28 18:00:00,5206,9.810000000000002
2017-04-28 19:00:00,4089,9.75
2017-04-28 20:00:00,3454,9.0
2017-04-28 21:00:00,3294,8.0
2017-04-28 22:00:00,2916,6.210000000000036
2017-04-28 23:00:00,2547,4.8700000000000045
2017-04-29 00:00:00,1503,4.07000000000005
2017-04-29 01:00:00,842,4.710000000000036
2017-04-29 02:00:00,573,4.810000000000002
2017-04-29 03:00:00,429,4.010000000000048
2017-04-29 04:00:00,374,3.650000000000034
2017-04-29 05:00:00,776,2.670000000000016
2017-04-29 06:00:00,1475,2.080000000000041
2017-04-29 07:00:00,2609,2.430000000000007
2017-04-29 08:00:00,3622,3.330000000000041
2017-04-29 09:00:00,4179,4.430000000000007
2017-04-29 10:00:00,4489,6.1200000000000045
2017-04-29 11:00:00,4917,7.800000000000011
2017-04-29 12:00:00,5252,9.200000000000045
2017-04-29 13:00:00,4857,10.470000000000027
2017-04-29 14:00:00,5235,11.330000000000041
2017-04-29 15:00:00,4981,12.0
2017-04-29 16:00:00,4874,12.330000000000041
2017-04-29 17:00:00,4974,12.800000000000011
2017-04-29 18:00:00,4725,12.600000000000023
2017-04-29 19:00:00,3815,11.5
2017-04-29 20:00:00,3263,11.330000000000041
2017-04-29 21:00:00,3160,10.740000000000009
2017-04-29 22:00:00,2990,10.07000000000005
2017-04-29 23:00:00,2191,9.150000000000034
2017-04-30 00:00:00,1360,8.310000000000002
2017-04-30 01:00:00,869,7.720000000000027
2017-04-30 02:00:00,628,7.220000000000027
2017-04-30 03:00:00,358,6.720000000000027
2017-04-30 04:00:00,319,6.510000000000048
2017-04-30 05:00:00,443,6.220000000000027
2017-04-30 06:00:00,875,5.930000000000007
2017-04-30 07:00:00,1331,5.720000000000027
2017-04-30 08:00:00,2104,5.670000000000016
2017-04-30 09:00:00,2887,5.930000000000007
2017-04-30 10:00:00,3489,5.689999999999998
2017-04-30 11:00:00,3947,5.930000000000007
2017-04-30 12:00:00,4119,6.330000000000041
2017-04-30 13:00:00,4622,6.439999999999998
2017-04-30 14:00:00,4566,6.800000000000011
2017-04-30 15:00:00,4444,7.3700000000000045
2017-04-30 16:00:00,4380,7.689999999999998
2017-04-30 17:00:00,4196,8.120000000000005
2017-04-30 18:00:00,3584,7.8799999999999955
2017-04-30 19:00:00,2951,7.2000000000000455
2017-04-30 20:00:00,2478,6.8700000000000045
2017-04-30 21:00:00,2118,5.730000000000018
2017-04-30 22:00:00,1575,5.5400000000000205
2017-04-30 23:00:00,916,4.650000000000034
2017-05-01 00:00:00,530,3.4600000000000364
2017-05-01 01:00:00,362,2.6899999999999977
2017-05-01 02:00:00,245,2.400000000000034
2017-05-01 03:00:00,312,2.6100000000000136
2017-05-01 04:00:00,792,2.5400000000000205
2017-05-01 05:00:00,2732,2.6899999999999977
2017-05-01 06:00:00,5444,2.8600000000000136
2017-05-01 07:00:00,6293,2.8500000000000227
2017-05-01 08:00:00,5933,2.930000000000007
2017-05-01 09:00:00,4853,3.4700000000000273
2017-05-01 10:00:00,4457,3.5400000000000205
2017-05-01 11:00:00,4535,3.8000000000000114
2017-05-01 12:00:00,4711,3.670000000000016
2017-05-01 13:00:00,4691,3.6899999999999977
2017-05-01 14:00:00,4877,3.1899999999999977
2017-05-01 15:00:00,5258,3.1299999999999955
2017-05-01 16:00:00,5904,3.07000000000005
2017-05-01 17:00:00,5571,3.5
2017-05-01 18:00:00,4386,3.4600000000000364
2017-05-01 19:00:00,3086,3.730000000000018
2017-05-01 20:00:00,2481,3.730000000000018
2017-05-01 21:00:00,2308,3.730000000000018
2017-05-01 22:00:00,2049,3.740000000000009
2017-05-01 23:00:00,1051,3.5600000000000023
2017-05-02 00:00:00,550,3.4700000000000273
2017-05-02 01:00:00,363,3.330000000000041
2017-05-02 02:00:00,242,3.140000000000043
2017-05-02 03:00:00,333,3.140000000000043
2017-05-02 04:00:00,854,3.8500000000000227
2017-05-02 05:00:00,2858,4.0
2017-05-02 06:00:00,6022,3.8000000000000114
2017-05-02 07:00:00,7126,4.430000000000007
2017-05-02 08:00:00,6089,5.930000000000007
2017-05-02 09:00:00,5170,6.460000000000036
2017-05-02 10:00:00,4720,8.120000000000005
2017-05-02 11:00:00,4711,9.060000000000002
2017-05-02 12:00:00,4693,10.110000000000014
2017-05-02 13:00:00,4830,11.730000000000018
2017-05-02 14:00:00,5317,12.680000000000007
2017-05-02 15:00:00,5863,13.990000000000009
2017-05-02 16:00:00,6650,15.060000000000002
2017-05-02 17:00:00,6274,15.620000000000005
2017-05-02 18:00:00,4771,15.879999999999995
2017-05-02 19:00:00,3504,15.600000000000023
2017-05-02 20:00:00,3038,14.879999999999995
2017-05-02 21:00:00,2683,12.629999999999995
2017-05-02 22:00:00,1830,9.689999999999998
2017-05-02 23:00:00,1315,8.330000000000041
2017-05-03 00:00:00,740,7.8700000000000045
2017-05-03 01:00:00,466,7.5
2017-05-03 02:00:00,346,7.2000000000000455
2017-05-03 03:00:00,463,6.660000000000025
2017-05-03 04:00:00,1057,6.660000000000025
2017-05-03 05:00:00,2970,6.07000000000005
2017-05-03 06:00:00,6054,5.1299999999999955
2017-05-03 07:00:00,6230,5.53000000000003
2017-05-03 08:00:00,4922,7.710000000000036
2017-05-03 09:00:00,5531,10.560000000000002
2017-05-03 10:00:00,4845,12.620000000000005
2017-05-03 11:00:00,4830,14.810000000000002
2017-05-03 12:00:00,5035,15.57000000000005
2017-05-03 13:00:00,5069,16.80000000000001
2017-05-03 14:00:00,5094,17.710000000000036
2017-05-03 15:00:00,5856,17.310000000000002
2017-05-03 16:00:00,6754,17.439999999999998
2017-05-03 17:00:00,6467,17.720000000000027
2017-05-03 18:00:00,4936,16.560000000000002
2017-05-03 19:00:00,3626,16.140000000000043
2017-05-03 20:00:00,3144,15.470000000000027
2017-05-03 21:00:00,2556,14.629999999999995
2017-05-03 22:00:00,2118,13.200000000000045
2017-05-03 23:00:00,1118,12.07000000000005
2017-05-04 00:00:00,574,11.700000000000045
2017-05-04 01:00:00,384,10.379999999999995
2017-05-04 02:00:00,287,9.450000000000045
2017-05-04 03:00:00,368,8.410000000000025
2017-05-04 04:00:00,913,7.600000000000023
2017-05-04 05:00:00,2786,6.1299999999999955
2017-05-04 06:00:00,5941,6.07000000000005
2017-05-04 07:00:00,6479,6.060000000000002
2017-05-04 08:00:00,5847,8.800000000000011
2017-05-04 09:00:00,5846,11.0
2017-05-04 10:00:00,4884,13.180000000000007
2017-05-04 11:00:00,5093,15.0
2017-05-04 12:00:00,5118,16.620000000000005
2017-05-04 13:00:00,5097,17.930000000000007
2017-05-04 14:00:00,5559,18.53000000000003
2017-05-04 15:00:00,5931,18.930000000000007
2017-05-04 16:00:00,6736,19.370000000000005
2017-05-04 17:00:00,6402,19.730000000000018
2017-05-04 18:00:00,4989,19.5
2017-05-04 19:00:00,3799,19.140000000000043
2017-05-04 20:00:00,3361,18.25
2017-05-04 21:00:00,2774,15.879999999999995
2017-05-04 22:00:00,2393,12.939999999999998
2017-05-04 23:00:00,1316,11.140000000000043
2017-05-05 00:00:00,739,9.800000000000011
2017-05-05 01:00:00,455,8.470000000000027
2017-05-05 02:00:00,293,7.740000000000009
2017-05-05 03:00:00,397,6.600000000000023
2017-05-05 04:00:00,791,5.8700000000000045
2017-05-05 05:00:00,2743,5.270000000000039
2017-05-05 06:00:00,5518,4.670000000000016
2017-05-05 07:00:00,6153,4.5400000000000205
2017-05-05 08:00:00,5868,7.800000000000011
2017-05-05 09:00:00,5186,13.32000000000005
2017-05-05 10:00:00,4861,14.850000000000023
2017-05-05 11:00:00,5341,17.180000000000007
2017-05-05 12:00:00,5232,20.430000000000007
2017-05-05 13:00:00,5301,20.74000000000001
2017-05-05 14:00:00,5400,22.55000000000001
2017-05-05 15:00:00,6010,23.0
2017-05-05 16:00:00,6528,24.060000000000002
2017-05-05 17:00:00,5814,24.27000000000004
2017-05-05 18:00:00,5062,24.49000000000001
2017-05-05 19:00:00,4037,24.560000000000002
2017-05-05 20:00:00,3502,23.930000000000007
2017-05-05 21:00:00,3635,21.54000000000002
2017-05-05 22:00:00,3164,18.680000000000007
2017-05-05 23:00:00,2042,16.28000000000003
2017-05-06 00:00:00,1418,14.480000000000018
2017-05-06 01:00:00,1314,12.54000000000002
2017-05-06 02:00:00,882,11.010000000000048
2017-05-06 03:00:00,511,9.410000000000025
2017-05-06 04:00:00,481,8.07000000000005
2017-05-06 05:00:00,787,7.010000000000048
2017-05-06 06:00:00,1585,6.210000000000036
2017-05-06 07:00:00,2328,5.8700000000000045
2017-05-06 08:00:00,3565,7.330000000000041
2017-05-06 09:00:00,4105,9.670000000000016
2017-05-06 10:00:00,4389,11.930000000000007
2017-05-06 11:00:00,4613,13.870000000000005
2017-05-06 12:00:00,5196,15.800000000000011
2017-05-06 13:00:00,5236,16.80000000000001
2017-05-06 14:00:00,4908,17.689999999999998
2017-05-06 15:00:00,5158,18.640000000000043
2017-05-06 16:00:00,4894,19.129999999999995
2017-05-06 17:00:00,4545,19.310000000000002
2017-05-06 18:00:00,4487,19.07000000000005
2017-05-06 19:00:00,3938,18.620000000000005
2017-05-06 20:00:00,3543,17.5
2017-05-06 21:00:00,3361,16.439999999999998
2017-05-06 22:00:00,3424,15.310000000000002
2017-05-06 23:00:00,2308,14.0
2017-05-07 00:00:00,1892,13.0
2017-05-07 01:00:00,1324,11.939999999999998
2017-05-07 02:00:00,683,11.0
2017-05-07 03:00:00,443,10.060000000000002
2017-05-07 04:00:00,396,9.629999999999995
2017-05-07 05:00:00,578,9.25
2017-05-07 06:00:00,1129,8.689999999999998
2017-05-07 07:00:00,1435,8.930000000000007
2017-05-07 08:00:00,2268,9.200000000000045
2017-05-07 09:00:00,3270,9.800000000000011
2017-05-07 10:00:00,4239,10.640000000000043
2017-05-07 11:00:00,4749,11.990000000000009
2017-05-07 12:00:00,5097,14.53000000000003
2017-05-07 13:00:00,4541,14.75
2017-05-07 14:00:00,4541,16.060000000000002
2017-05-07 15:00:00,4548,16.930000000000007
2017-05-07 16:00:00,4491,17.75
2017-05-07 17:00:00,4478,18.129999999999995
2017-05-07 18:00:00,3991,18.400000000000034
2017-05-07 19:00:00,3342,17.930000000000007
2017-05-07 20:00:00,2940,17.640000000000043
2017-05-07 21:00:00,2418,15.25
2017-05-07 22:00:00,1624,13.53000000000003
2017-05-07 23:00:00,1108,13.129999999999995
2017-05-08 00:00:00,625,12.270000000000039
2017-05-08 01:00:00,374,11.600000000000023
2017-05-08 02:00:00,281,10.53000000000003
2017-05-08 03:00:00,334,9.800000000000011
2017-05-08 04:00:00,830,9.07000000000005
2017-05-08 05:00:00,2829,8.470000000000027
2017-05-08 06:00:00,5839,8.0
2017-05-08 07:00:00,6752,7.730000000000018
2017-05-08 08:00:00,5729,8.260000000000048
2017-05-08 09:00:00,4713,10.600000000000023
2017-05-08 10:00:00,4384,12.860000000000014
2017-05-08 11:00:00,4623,14.800000000000011
2017-05-08 12:00:00,4609,16.80000000000001
2017-05-08 13:00:00,4822,18.060000000000002
2017-05-08 14:00:00,5048,18.930000000000007
2017-05-08 15:00:00,5521,20.060000000000002
2017-05-08 16:00:00,6364,20.32000000000005
2017-05-08 17:00:00,5703,20.57000000000005
2017-05-08 18:00:00,4375,19.470000000000027
2017-05-08 19:00:00,3168,18.510000000000048
2017-05-08 20:00:00,2729,17.010000000000048
2017-05-08 21:00:00,2201,15.54000000000002
2017-05-08 22:00:00,1508,13.270000000000039
2017-05-08 23:00:00,955,12.140000000000043
2017-05-09 00:00:00,535,11.710000000000036
2017-05-09 01:00:00,352,11.29000000000002
2017-05-09 02:00:00,233,10.930000000000007
2017-05-09 03:00:00,317,10.650000000000034
2017-05-09 04:00:00,837,10.430000000000007
2017-05-09 05:00:00,2921,10.150000000000034
2017-05-09 06:00:00,6054,10.0
2017-05-09 07:00:00,7011,9.740000000000009
2017-05-09 08:00:00,6158,10.57000000000005
2017-05-09 09:00:00,5082,11.270000000000039
2017-05-09 10:00:00,4556,12.470000000000027
2017-05-09 11:00:00,4695,14.5
2017-05-09 12:00:00,4943,16.78000000000003
2017-05-09 13:00:00,4911,17.640000000000043
2017-05-09 14:00:00,5242,18.710000000000036
2017-05-09 15:00:00,5746,19.640000000000043
2017-05-09 16:00:00,6337,20.930000000000007
2017-05-09 17:00:00,6032,20.930000000000007
2017-05-09 18:00:00,4462,20.720000000000027
2017-05-09 19:00:00,3462,20.29000000000002
2017-05-09 20:00:00,3022,18.710000000000036
2017-05-09 21:00:00,2655,16.99000000000001
2017-05-09 22:00:00,1817,16.420000000000016
2017-05-09 23:00:00,1313,15.670000000000016
2017-05-10 00:00:00,641,15.150000000000034
2017-05-10 01:00:00,399,13.210000000000036
2017-05-10 02:00:00,255,12.370000000000005
2017-05-10 03:00:00,347,11.360000000000014
2017-05-10 04:00:00,907,9.870000000000005
2017-05-10 05:00:00,2920,9.140000000000043
2017-05-10 06:00:00,5988,9.600000000000023
2017-05-10 07:00:00,6739,10.490000000000009
2017-05-10 08:00:00,5847,12.189999999999998
2017-05-10 09:00:00,5062,14.53000000000003
2017-05-10 10:00:00,4596,16.930000000000007
2017-05-10 11:00:00,4983,18.29000000000002
2017-05-10 12:00:00,4938,18.5
2017-05-10 13:00:00,5026,18.140000000000043
2017-05-10 14:00:00,5050,18.360000000000014
2017-05-10 15:00:00,5667,17.600000000000023
2017-05-10 16:00:00,6347,16.920000000000016
2017-05-10 17:00:00,6184,17.629999999999995
2017-05-10 18:00:00,4628,18.689999999999998
2017-05-10 19:00:00,3633,19.0
2017-05-10 20:00:00,3193,18.600000000000023
2017-05-10 21:00:00,2767,16.600000000000023
2017-05-10 22:00:00,1987,14.860000000000014
2017-05-10 23:00:00,1121,13.660000000000025
2017-05-11 00:00:00,604,13.930000000000007
2017-05-11 01:00:00,430,12.680000000000007
2017-05-11 02:00:00,297,11.939999999999998
2017-05-11 03:00:00,365,10.480000000000018
2017-05-11 04:00:00,839,9.580000000000041
2017-05-11 05:00:00,2915,8.580000000000041
2017-05-11 06:00:00,5905,8.010000000000048
2017-05-11 07:00:00,6454,7.580000000000041
2017-05-11 08:00:00,5778,9.150000000000034
2017-05-11 09:00:00,5183,10.860000000000014
2017-05-11 10:00:00,4618,12.330000000000041
2017-05-11 11:00:00,4789,13.430000000000007
2017-05-11 12:00:00,5102,14.430000000000007
2017-05-11 13:00:00,5143,15.670000000000016
2017-05-11 14:00:00,5409,16.730000000000018
2017-05-11 15:00:00,5997,17.53000000000003
2017-05-11 16:00:00,6548,18.129999999999995
2017-05-11 17:00:00,6185,18.370000000000005
2017-05-11 18:00:00,5018,18.600000000000023
2017-05-11 19:00:00,3836,18.53000000000003
2017-05-11 20:00:00,3423,17.80000000000001
2017-05-11 21:00:00,3057,15.870000000000005
2017-05-11 22:00:00,3076,13.740000000000009
2017-05-11 23:00:00,2935,12.260000000000048
2017-05-12 00:00:00,1349,10.689999999999998
2017-05-12 01:00:00,846,9.450000000000045
2017-05-12 02:00:00,399,7.8799999999999955
2017-05-12 03:00:00,449,7.32000000000005
2017-05-12 04:00:00,929,6.57000000000005
2017-05-12 05:00:00,2897,6.07000000000005
2017-05-12 06:00:00,5752,4.939999999999998
2017-05-12 07:00:00,6815,5.439999999999998
2017-05-12 08:00:00,5604,9.25
2017-05-12 09:00:00,5175,12.560000000000002
2017-05-12 10:00:00,4913,15.740000000000009
2017-05-12 11:00:00,5267,17.930000000000007
2017-05-12 12:00:00,5367,18.870000000000005
2017-05-12 13:00:00,5426,19.730000000000018
2017-05-12 14:00:00,5573,21.0
2017-05-12 15:00:00,5877,21.560000000000002
2017-05-12 16:00:00,6141,22.060000000000002
2017-05-12 17:00:00,5258,22.660000000000025
2017-05-12 18:00:00,4970,23.060000000000002
2017-05-12 19:00:00,4373,23.189999999999998
2017-05-12 20:00:00,3626,22.129999999999995
2017-05-12 21:00:00,3206,20.25
2017-05-12 22:00:00,2864,19.25
2017-05-12 23:00:00,2938,18.74000000000001
2017-05-13 00:00:00,2261,18.010000000000048
2017-05-13 01:00:00,925,16.939999999999998
2017-05-13 02:00:00,700,15.890000000000043
2017-05-13 03:00:00,389,14.57000000000005
2017-05-13 04:00:00,393,13.879999999999995
2017-05-13 05:00:00,652,13.57000000000005
2017-05-13 06:00:00,1320,12.57000000000005
2017-05-13 07:00:00,2087,11.939999999999998
2017-05-13 08:00:00,3251,13.140000000000043
2017-05-13 09:00:00,4082,15.200000000000045
2017-05-13 10:00:00,4407,17.0
2017-05-13 11:00:00,4794,18.930000000000007
2017-05-13 12:00:00,4972,20.640000000000043
2017-05-13 13:00:00,4918,22.140000000000043
2017-05-13 14:00:00,4759,23.27000000000004
2017-05-13 15:00:00,4693,24.27000000000004
2017-05-13 16:00:00,4879,25.200000000000045
2017-05-13 17:00:00,4517,25.870000000000005
2017-05-13 18:00:00,3999,26.27000000000004
2017-05-13 19:00:00,3640,26.0
2017-05-13 20:00:00,3319,24.410000000000025
2017-05-13 21:00:00,3270,22.010000000000048
2017-05-13 22:00:00,3327,20.210000000000036
2017-05-13 23:00:00,2267,18.54000000000002
2017-05-14 00:00:00,1621,17.670000000000016
2017-05-14 01:00:00,931,17.0
2017-05-14 02:00:00,628,15.439999999999998
2017-05-14 03:00:00,410,14.32000000000005
2017-05-14 04:00:00,382,13.610000000000014
2017-05-14 05:00:00,746,12.600000000000023
2017-05-14 06:00:00,1273,11.800000000000011
2017-05-14 07:00:00,1411,12.0
2017-05-14 08:00:00,2271,13.640000000000043
2017-05-14 09:00:00,3214,15.930000000000007
2017-05-14 10:00:00,4037,18.640000000000043
2017-05-14 11:00:00,4535,20.930000000000007
2017-05-14 12:00:00,4589,23.0
2017-05-14 13:00:00,4343,24.600000000000023
2017-05-14 14:00:00,4458,25.930000000000007
2017-05-14 15:00:00,4658,27.0
2017-05-14 16:00:00,4855,27.600000000000023
2017-05-14 17:00:00,4488,27.720000000000027
2017-05-14 18:00:00,4134,27.74000000000001
2017-05-14 19:00:00,3743,27.27000000000004
2017-05-14 20:00:00,4338,26.410000000000025
2017-05-14 21:00:00,2820,24.670000000000016
2017-05-14 22:00:00,2048,22.939999999999998
2017-05-14 23:00:00,1157,21.54000000000002
2017-05-15 00:00:00,632,20.410000000000025
2017-05-15 01:00:00,384,19.680000000000007
2017-05-15 02:00:00,268,19.010000000000048
2017-05-15 03:00:00,359,18.210000000000036
2017-05-15 04:00:00,793,17.140000000000043
2017-05-15 05:00:00,2699,16.74000000000001
2017-05-15 06:00:00,5723,15.740000000000009
2017-05-15 07:00:00,6591,15.340000000000032
2017-05-15 08:00:00,5836,15.670000000000016
2017-05-15 09:00:00,4786,16.400000000000034
2017-05-15 10:00:00,4412,17.860000000000014
2017-05-15 11:00:00,4619,18.53000000000003
2017-05-15 12:00:00,4768,18.930000000000007
2017-05-15 13:00:00,4601,19.600000000000023
2017-05-15 14:00:00,4506,16.810000000000002
2017-05-15 15:00:00,5388,15.430000000000007
2017-05-15 16:00:00,6083,16.730000000000018
2017-05-15 17:00:00,5714,18.0
2017-05-15 18:00:00,4212,19.0
2017-05-15 19:00:00,3203,19.600000000000023
2017-05-15 20:00:00,2734,18.5
2017-05-15 21:00:00,2607,17.74000000000001
2017-05-15 22:00:00,1877,16.340000000000032
2017-05-15 23:00:00,1008,15.610000000000014
2017-05-16 00:00:00,624,15.010000000000048
2017-05-16 01:00:00,366,14.470000000000027
2017-05-16 02:00:00,261,14.600000000000023
2017-05-16 03:00:00,347,15.200000000000045
2017-05-16 04:00:00,851,15.470000000000027
2017-05-16 05:00:00,2604,16.07000000000005
2017-05-16 06:00:00,5847,16.670000000000016
2017-05-16 07:00:00,6326,16.74000000000001
2017-05-16 08:00:00,5490,16.810000000000002
2017-05-16 09:00:00,5166,17.600000000000023
2017-05-16 10:00:00,4398,17.600000000000023
2017-05-16 11:00:00,4754,18.33000000000004
2017-05-16 12:00:00,4630,19.870000000000005
2017-05-16 13:00:00,4753,22.53000000000003
2017-05-16 14:00:00,4934,24.370000000000005
2017-05-16 15:00:00,5735,26.189999999999998
2017-05-16 16:00:00,6357,26.600000000000023
2017-05-16 17:00:00,6098,25.5
2017-05-16 18:00:00,4632,25.460000000000036
2017-05-16 19:00:00,3382,25.370000000000005
2017-05-16 20:00:00,2871,25.140000000000043
2017-05-16 21:00:00,2720,23.340000000000032
2017-05-16 22:00:00,2129,21.74000000000001
2017-05-16 23:00:00,1394,20.410000000000025
2017-05-17 00:00:00,722,19.340000000000032
2017-05-17 01:00:00,440,18.060000000000002
2017-05-17 02:00:00,287,17.33000000000004
2017-05-17 03:00:00,341,16.930000000000007
2017-05-17 04:00:00,832,16.600000000000023
2017-05-17 05:00:00,2787,16.53000000000003
2017-05-17 06:00:00,5768,16.400000000000034
2017-05-17 07:00:00,6863,16.57000000000005
2017-05-17 08:00:00,5822,16.600000000000023
2017-05-17 09:00:00,5127,16.730000000000018
2017-05-17 10:00:00,4517,17.07000000000005
2017-05-17 11:00:00,4666,17.870000000000005
2017-05-17 12:00:00,4990,18.600000000000023
2017-05-17 13:00:00,4789,18.939999999999998
2017-05-17 14:00:00,5185,19.470000000000027
2017-05-17 15:00:00,5590,20.0
2017-05-17 16:00:00,6426,19.600000000000023
2017-05-17 17:00:00,5763,18.939999999999998
2017-05-17 18:00:00,4864,18.200000000000045
2017-05-17 19:00:00,3136,17.410000000000025
2017-05-17 20:00:00,2733,15.740000000000009
2017-05-17 21:00:00,2348,14.730000000000018
2017-05-17 22:00:00,2194,13.800000000000011
2017-05-17 23:00:00,1328,12.600000000000023
2017-05-18 00:00:00,646,12.0
2017-05-18 01:00:00,353,11.640000000000043
2017-05-18 02:00:00,278,11.140000000000043
2017-05-18 03:00:00,339,10.360000000000014
2017-05-18 04:00:00,836,9.939999999999998
2017-05-18 05:00:00,2829,9.400000000000034
2017-05-18 06:00:00,5656,8.860000000000014
2017-05-18 07:00:00,6530,8.620000000000005
2017-05-18 08:00:00,6156,8.680000000000007
2017-05-18 09:00:00,5388,9.120000000000005
2017-05-18 10:00:00,4682,9.310000000000002
2017-05-18 11:00:00,4915,9.800000000000011
2017-05-18 12:00:00,4862,9.930000000000007
2017-05-18 13:00:00,4904,10.460000000000036
2017-05-18 14:00:00,5169,10.939999999999998
2017-05-18 15:00:00,5700,11.470000000000027
2017-05-18 16:00:00,6267,11.5
2017-05-18 17:00:00,5963,11.730000000000018
2017-05-18 18:00:00,4893,11.689999999999998
2017-05-18 19:00:00,3678,11.600000000000023
2017-05-18 20:00:00,3240,11.860000000000014
2017-05-18 21:00:00,3402,10.75
2017-05-18 22:00:00,2864,8.810000000000002
2017-05-18 23:00:00,1365,7.939999999999998
2017-05-19 00:00:00,797,7.340000000000032
2017-05-19 01:00:00,441,6.939999999999998
2017-05-19 02:00:00,344,6.470000000000027
2017-05-19 03:00:00,375,6.600000000000023
2017-05-19 04:00:00,777,6.730000000000018
2017-05-19 05:00:00,2672,6.670000000000016
2017-05-19 06:00:00,5484,6.2000000000000455
2017-05-19 07:00:00,6490,5.8700000000000045
2017-05-19 08:00:00,4695,6.330000000000041
2017-05-19 09:00:00,4956,7.0
2017-05-19 10:00:00,4620,7.800000000000011
2017-05-19 11:00:00,4837,8.260000000000048
2017-05-19 12:00:00,5078,9.210000000000036
2017-05-19 13:00:00,5061,9.939999999999998
2017-05-19 14:00:00,5170,10.939999999999998
2017-05-19 15:00:00,5880,11.470000000000027
2017-05-19 16:00:00,6352,12.07000000000005
2017-05-19 17:00:00,5970,12.360000000000014
2017-05-19 18:00:00,5043,12.470000000000027
2017-05-19 19:00:00,3957,12.270000000000039
2017-05-19 20:00:00,3163,11.629999999999995
2017-05-19 21:00:00,3201,11.470000000000027
2017-05-19 22:00:00,3220,11.29000000000002
2017-05-19 23:00:00,1919,10.600000000000023
2017-05-20 00:00:00,1279,10.270000000000039
2017-05-20 01:00:00,795,9.939999999999998
2017-05-20 02:00:00,557,9.54000000000002
2017-05-20 03:00:00,379,9.270000000000039
2017-05-20 04:00:00,414,9.0
2017-05-20 05:00:00,688,8.689999999999998
2017-05-20 06:00:00,1271,8.400000000000034
2017-05-20 07:00:00,2113,8.29000000000002
2017-05-20 08:00:00,2994,7.600000000000023
2017-05-20 09:00:00,3729,6.939999999999998
2017-05-20 10:00:00,3990,6.740000000000009
2017-05-20 11:00:00,3998,6.140000000000043
2017-05-20 12:00:00,4397,6.0
2017-05-20 13:00:00,4219,5.8700000000000045
2017-05-20 14:00:00,4260,6.270000000000039
2017-05-20 15:00:00,4324,6.730000000000018
2017-05-20 16:00:00,4278,7.07000000000005
2017-05-20 17:00:00,3986,7.5400000000000205
2017-05-20 18:00:00,3770,7.8700000000000045
2017-05-20 19:00:00,3446,8.129999999999995
2017-05-20 20:00:00,2967,8.470000000000027
2017-05-20 21:00:00,2980,8.470000000000027
2017-05-20 22:00:00,3062,8.53000000000003
2017-05-20 23:00:00,2056,8.800000000000011
2017-05-21 00:00:00,1299,9.07000000000005
2017-05-21 01:00:00,759,9.470000000000027
2017-05-21 02:00:00,643,9.670000000000016
2017-05-21 03:00:00,403,9.740000000000009
2017-05-21 04:00:00,333,9.939999999999998
2017-05-21 05:00:00,559,10.07000000000005
2017-05-21 06:00:00,955,9.800000000000011
2017-05-21 07:00:00,1190,9.470000000000027
2017-05-21 08:00:00,1970,9.340000000000032
2017-05-21 09:00:00,2888,9.270000000000039
2017-05-21 10:00:00,3629,9.600000000000023
2017-05-21 11:00:00,4238,9.860000000000014
2017-05-21 12:00:00,4689,10.0
2017-05-21 13:00:00,4461,10.0
2017-05-21 14:00:00,4331,9.600000000000023
2017-05-21 15:00:00,4881,9.5
2017-05-21 16:00:00,4718,9.310000000000002
2017-05-21 17:00:00,4547,8.79000000000002
2017-05-21 18:00:00,3950,8.53000000000003
2017-05-21 19:00:00,3161,8.25
2017-05-21 20:00:00,2723,8.060000000000002
2017-05-21 21:00:00,2238,7.8799999999999955
2017-05-21 22:00:00,1730,7.600000000000023
2017-05-21 23:00:00,1039,7.57000000000005
2017-05-22 00:00:00,581,7.710000000000036
2017-05-22 01:00:00,431,7.600000000000023
2017-05-22 02:00:00,341,7.470000000000027
2017-05-22 03:00:00,367,7.330000000000041
2017-05-22 04:00:00,821,6.939999999999998
2017-05-22 05:00:00,2791,6.939999999999998
2017-05-22 06:00:00,5783,6.8700000000000045
2017-05-22 07:00:00,6350,7.07000000000005
2017-05-22 08:00:00,6030,8.710000000000036
2017-05-22 09:00:00,4716,10.730000000000018
2017-05-22 10:00:00,4373,12.330000000000041
2017-05-22 11:00:00,4392,13.800000000000011
2017-05-22 12:00:00,4613,14.930000000000007
2017-05-22 13:00:00,4677,15.740000000000009
2017-05-22 14:00:00,4957,16.54000000000002
2017-05-22 15:00:00,5462,17.0
2017-05-22 16:00:00,6328,17.730000000000018
2017-05-22 17:00:00,5770,17.80000000000001
2017-05-22 18:00:00,4175,17.54000000000002
2017-05-22 19:00:00,3260,17.0
2017-05-22 20:00:00,2783,15.939999999999998
2017-05-22 21:00:00,2575,14.340000000000032
2017-05-22 22:00:00,1772,13.210000000000036
2017-05-22 23:00:00,1137,12.28000000000003
2017-05-23 00:00:00,772,11.610000000000014
2017-05-23 01:00:00,446,10.450000000000045
2017-05-23 02:00:00,300,10.010000000000048
2017-05-23 03:00:00,357,9.629999999999995
2017-05-23 04:00:00,829,9.760000000000048
2017-05-23 05:00:00,2913,9.600000000000023
2017-05-23 06:00:00,5930,9.54000000000002
2017-05-23 07:00:00,6873,9.270000000000039
2017-05-23 08:00:00,5968,9.670000000000016
2017-05-23 09:00:00,5082,10.129999999999995
2017-05-23 10:00:00,4324,11.370000000000005
2017-05-23 11:00:00,4517,12.400000000000034
2017-05-23 12:00:00,4695,13.129999999999995
2017-05-23 13:00:00,4771,13.600000000000023
2017-05-23 14:00:00,4997,14.430000000000007
2017-05-23 15:00:00,5762,14.5
2017-05-23 16:00:00,6349,14.870000000000005
2017-05-23 17:00:00,5837,14.5
2017-05-23 18:00:00,4256,14.870000000000005
2017-05-23 19:00:00,3299,14.939999999999998
2017-05-23 20:00:00,2936,14.129999999999995
2017-05-23 21:00:00,3205,13.670000000000016
2017-05-23 22:00:00,1929,12.740000000000009
2017-05-23 23:00:00,1110,12.07000000000005
2017-05-24 00:00:00,649,11.200000000000045
2017-05-24 01:00:00,434,10.340000000000032
2017-05-24 02:00:00,302,9.379999999999995
2017-05-24 03:00:00,337,8.689999999999998
2017-05-24 04:00:00,875,8.5
2017-05-24 05:00:00,3006,8.120000000000005
2017-05-24 06:00:00,5982,7.939999999999998
2017-05-24 07:00:00,6832,8.310000000000002
2017-05-24 08:00:00,6042,8.930000000000007
2017-05-24 09:00:00,5109,10.200000000000045
2017-05-24 10:00:00,4398,11.060000000000002
2017-05-24 11:00:00,4541,12.390000000000043
2017-05-24 12:00:00,4747,13.870000000000005
2017-05-24 13:00:00,4728,14.210000000000036
2017-05-24 14:00:00,5087,14.600000000000023
2017-05-24 15:00:00,5604,15.060000000000002
2017-05-24 16:00:00,6607,15.460000000000036
2017-05-24 17:00:00,6011,16.0
2017-05-24 18:00:00,4379,16.0
2017-05-24 19:00:00,3759,15.930000000000007
2017-05-24 20:00:00,3084,15.730000000000018
2017-05-24 21:00:00,2753,14.75
2017-05-24 22:00:00,3360,13.720000000000027
2017-05-24 23:00:00,1863,13.150000000000034
2017-05-25 00:00:00,706,12.5
2017-05-25 01:00:00,425,12.010000000000048
2017-05-25 02:00:00,292,10.840000000000032
2017-05-25 03:00:00,365,9.129999999999995
2017-05-25 04:00:00,870,8.410000000000025
2017-05-25 05:00:00,2925,7.930000000000007
2017-05-25 06:00:00,5898,7.730000000000018
2017-05-25 07:00:00,6500,8.860000000000014
2017-05-25 08:00:00,5277,11.129999999999995
2017-05-25 09:00:00,5251,13.330000000000041
